Date,Title,Artist
04/11/1984,"Besoin de rien, envie de toi",Peter et Sloane
11/11/1984,"Besoin de rien, envie de toi",Peter et Sloane
18/11/1984,"Besoin de rien, envie de toi",Peter et Sloane
25/11/1984,"Besoin de rien, envie de toi",Peter et Sloane
02/12/1984,"Besoin de rien, envie de toi",Peter et Sloane
09/12/1984,"Besoin de rien, envie de toi",Peter et Sloane
16/12/1984,"Besoin de rien, envie de toi",Peter et Sloane
23/12/1984,I Just Called to Say I Love You,Stevie Wonder
30/12/1984,Ghostbusters,"Ray Parker, Jr."
06/01/1985,"Besoin de rien, envie de toi",Peter et Sloane
13/01/1985,"Besoin de rien, envie de toi",Peter et Sloane
20/01/1985,Ghostbusters,"Ray Parker, Jr."
27/01/1985,Ghostbusters,"Ray Parker, Jr."
03/02/1985,When the Rain Begins to Fall,Pia Zadora et Jermaine Jackson
10/02/1985,When the Rain Begins to Fall,Pia Zadora et Jermaine Jackson
17/02/1985,Ghostbusters,"Ray Parker, Jr."
24/02/1985,When the Rain Begins to Fall,Pia Zadora et Jermaine Jackson
03/03/1985,Ghostbusters,"Ray Parker, Jr."
10/03/1985,Square Rooms,Al Corley
17/03/1985,Square Rooms,Al Corley
24/03/1985,Square Rooms,Al Corley
31/03/1985,"Johnny, Johnny",Jeanne Mas
07/04/1985,Square Rooms,"Al CorleyJohnny, Johnny"
14/04/1985,Square Rooms,Al Corley
21/04/1985,"Johnny, Johnny",Jeanne Mas
28/04/1985,"Johnny, Johnny",Jeanne Mas
05/05/1985,We Are the World,USA for Africa
12/05/1985,We Are the World,USA for Africa
19/05/1985,We Are the World,USA for Africa
26/05/1985,SOS Ethiopie,Chanteurs sans frontières
02/06/1985,SOS Ethiopie,Chanteurs sans frontières
09/06/1985,SOS Ethiopie,Chanteurs sans frontières
16/06/1985,SOS Ethiopie,Chanteurs sans frontières
23/06/1985,SOS Ethiopie,Chanteurs sans frontières
30/06/1985,SOS Ethiopie,Chanteurs sans frontières
07/07/1985,SOS Ethiopie,Chanteurs sans frontières
14/07/1985,SOS Ethiopie,Chanteurs sans frontières
21/07/1985,Live Is Life,Opus
28/07/1985,Live Is Life,Opus
04/08/1985,Live Is Life,Opus
11/08/1985,Live Is Life,Opus
18/08/1985,Live Is Life,Opus
25/08/1985,Live Is Life,Opus
01/09/1985,Live Is Life,Opus
08/09/1985,Tarzan Boy,Baltimora
15/09/1985,Tarzan Boy,Baltimora
22/09/1985,Tarzan Boy,Baltimora
29/09/1985,Tarzan Boy,Baltimora
06/10/1985,Tarzan Boy,Baltimora
13/10/1985,Lover Why,Century
20/10/1985,Lover Why,Century
27/10/1985,Lover Why,Century
03/11/1985,Lover Why,Century
10/11/1985,Lover Why,Century
17/11/1985,Lover Why,Century
24/11/1985,Lover Why,Century
01/12/1985,Je te donne,Jean-Jacques Goldman etMichael Jones
08/12/1985,Je te donne,Jean-Jacques Goldman etMichael Jones
15/12/1985,Je te donne,Jean-Jacques Goldman etMichael Jones
22/12/1985,Je te donne,Jean-Jacques Goldman etMichael Jones
29/12/1985,Je te donne,Jean-Jacques Goldman etMichael Jones
05/01/1986,Je te donne,Jean-Jacques Goldman etMichael Jones
12/01/1986,Je te donne,Jean-Jacques Goldman etMichael Jones
19/01/1986,Je te donne,Jean-Jacques Goldman etMichael Jones
26/01/1986,Papa chanteur,Jean-Luc Lahaye
02/02/1986,L'Aziza,Daniel Balavoine
09/02/1986,L'Aziza,Daniel Balavoine
16/02/1986,L'Aziza,Daniel Balavoine
23/02/1986,L'Aziza,Daniel Balavoine
02/03/1986,L'Aziza,Daniel Balavoine
09/03/1986,L'Aziza,Daniel Balavoine
16/03/1986,L'Aziza,Daniel Balavoine
23/03/1986,L'Aziza,Daniel Balavoine
30/03/1986,Capitaine abandonné,Gold
06/04/1986,Capitaine abandonné,Gold
13/04/1986,Capitaine abandonné,Gold
20/04/1986,Capitaine abandonné,Gold
27/04/1986,Capitaine abandonné,GoldOuragan
04/05/1986,Ouragan,Stéphanie
11/05/1986,Ouragan,Stéphanie
18/05/1986,Ouragan,Stéphanie
25/05/1986,Ouragan,Stéphanie
01/06/1986,Ouragan,Stéphanie
08/06/1986,Ouragan,Stéphanie
15/06/1986,Ouragan,Stéphanie
22/06/1986,Ouragan,Stéphanie
29/06/1986,Ouragan,Stéphanie
06/07/1986,En rouge et noir,Jeanne Mas
13/07/1986,En rouge et noir,Jeanne Mas
20/07/1986,Les Démons de minuit,Images
27/07/1986,Les Démons de minuit,Images
03/08/1986,Les Démons de minuit,Images
10/08/1986,Les Démons de minuit,Images
17/08/1986,Les Démons de minuit,Images
24/08/1986,Les Démons de minuit,Images
31/08/1986,Les Démons de minuit,Images
07/09/1986,Les Démons de minuit,Images
14/09/1986,Les Démons de minuit,Images
21/09/1986,Les Démons de minuit,Images
28/09/1986,Les Démons de minuit,Images
05/10/1986,Les Démons de minuit,Images
12/10/1986,Les Démons de minuit,Images
19/10/1986,Holiday Rap,Mc Miker G et DJ Sven
26/10/1986,Holiday Rap,Mc Miker G et DJ Sven
02/11/1986,Ève lève-toi,Julie Pietri
09/11/1986,The Final Countdown,Europe
16/11/1986,The Final Countdown,Europe
23/11/1986,The Final Countdown,Europe
30/11/1986,The Final Countdown,Europe
07/12/1986,The Final Countdown,Europe
14/12/1986,The Final Countdown,Europe
21/12/1986,The Final Countdown,Europe
28/12/1986,The Final Countdown,Europe
04/01/1987,T'en va pas,Elsa
11/01/1987,T'en va pas,Elsa
18/01/1987,T'en va pas,Elsa
25/01/1987,T'en va pas,Elsa
01/02/1987,T'en va pas,Elsa
08/02/1987,T'en va pas,Elsa
15/02/1987,T'en va pas,Elsa
22/02/1987,T'en va pas,Elsa
01/03/1987,On se retrouvera (B.O. Le Passage),Francis Lalanne
08/03/1987,On se retrouvera (B.O. Le Passage),Francis Lalanne
15/03/1987,On se retrouvera (B.O. Le Passage),Francis Lalanne
22/03/1987,On se retrouvera (B.O. Le Passage),Francis Lalanne
29/03/1987,On se retrouvera (B.O. Le Passage),Francis Lalanne
05/04/1987,On se retrouvera (B.O. Le Passage),Francis Lalanne
12/04/1987,Viens boire un p'tit coup à la maison,Licence IV
19/04/1987,Viens boire un p'tit coup à la maison,Licence IV
26/04/1987,Viens boire un p'tit coup à la maison,Licence IV
03/05/1987,Viens boire un p'tit coup à la maison,Licence IV
10/05/1987,Viens boire un p'tit coup à la maison,Licence IV
17/05/1987,Viens boire un p'tit coup à la maison,Licence IV
24/05/1987,Viens boire un p'tit coup à la maison,Licence IV
31/05/1987,Viens boire un p'tit coup à la maison,Licence IV
07/06/1987,Viens boire un p'tit coup à la maison,Licence IV
14/06/1987,Viens boire un p'tit coup à la maison,Licence IV
21/06/1987,Viens boire un p'tit coup à la maison,Licence IV
28/06/1987,Viens boire un p'tit coup à la maison,Licence IV
05/07/1987,Viens boire un p'tit coup à la maison,Licence IV
12/07/1987,La Isla Bonita,Madonna
19/07/1987,La Isla Bonita,Madonna
26/07/1987,La Isla Bonita,Madonna
02/08/1987,Joe le taxi,Vanessa Paradis
09/08/1987,Joe le taxi,Vanessa Paradis
16/08/1987,Joe le taxi,Vanessa Paradis
23/08/1987,Joe le taxi,Vanessa Paradis
30/08/1987,Joe le taxi,Vanessa Paradis
06/09/1987,Joe le taxi,Vanessa Paradis
13/09/1987,Joe le taxi,Vanessa Paradis
20/09/1987,Joe le taxi,Vanessa Paradis
27/09/1987,Joe le taxi,Vanessa Paradis
04/10/1987,Joe le taxi,Vanessa Paradis
11/10/1987,Joe le taxi,Vanessa Paradis
18/10/1987,La bamba,Los Lobos
25/10/1987,La bamba,Los Lobos
01/11/1987,La bamba,Los Lobos
08/11/1987,La bamba,Los Lobos
15/11/1987,La bamba,Los Lobos
22/11/1987,La bamba,Los Lobos
29/11/1987,La bamba,Los Lobos
06/12/1987,La bamba,Los Lobos
13/12/1987,La bamba,Los Lobos
20/12/1987,La bamba,Los Lobos
27/12/1987,La bamba,Los Lobos
03/01/1988,Étienne,Guesch Patti
10/01/1988,Étienne,Guesch Patti
17/01/1988,Étienne,Guesch Patti
24/01/1988,Étienne,Guesch Patti
31/01/1988,Étienne,Guesch Patti
07/02/1988,Boys (Summertime Love),Sabrina
14/02/1988,Boys (Summertime Love),Sabrina
21/02/1988,Boys (Summertime Love),Sabrina
28/02/1988,Boys (Summertime Love),Sabrina
06/03/1988,Boys (Summertime Love),Sabrina
13/03/1988,Nothing's Gonna Change My Love For You,Glenn Medeiros
20/03/1988,Nothing's Gonna Change My Love For You,Glenn Medeiros
27/03/1988,Nothing's Gonna Change My Love For You,Glenn Medeiros
03/04/1988,Nothing's Gonna Change My Love For You,Glenn Medeiros
10/04/1988,Nothing's Gonna Change My Love For You,Glenn Medeiros
17/04/1988,Nothing's Gonna Change My Love For You,Glenn Medeiros
24/04/1988,Nothing's Gonna Change My Love For You,Glenn Medeiros
01/05/1988,Nothing's Gonna Change My Love For You,Glenn Medeiros
08/05/1988,N'importe quoi,Florent Pagny
15/05/1988,N'importe quoi,Florent Pagny
22/05/1988,N'importe quoi,Florent Pagny
29/05/1988,N'importe quoi,Florent Pagny
05/06/1988,N'importe quoi,Florent Pagny
12/06/1988,N'importe quoi,Florent Pagny
19/06/1988,N'importe quoi,Florent Pagny
26/06/1988,N'importe quoi,Florent Pagny
03/07/1988,J'ai faim de toi,Sandy
10/07/1988,J'ai faim de toi,Sandy
17/07/1988,Nuit de folie,Début de soirée
24/07/1988,Nuit de folie,Début de soirée
31/07/1988,Nuit de folie,Début de soirée
07/08/1988,Nuit de folie,Début de soirée
14/08/1988,Nuit de folie,Début de soirée
21/08/1988,Nuit de folie,Début de soirée
28/08/1988,Nuit de folie,Début de soirée
04/09/1988,Nuit de folie,Début de soirée
11/09/1988,Nuit de folie,Début de soirée
18/09/1988,Un roman d'amitié,Elsa et Glenn Medeiros
25/09/1988,Un roman d'amitié,Elsa et Glenn Medeiros
02/10/1988,Un roman d'amitié,Elsa et Glenn Medeiros
09/10/1988,Un roman d'amitié,Elsa et Glenn Medeiros
16/10/1988,Un roman d'amitié,Elsa et Glenn Medeiros
23/10/1988,Un roman d'amitié,Elsa et Glenn Medeiros
30/10/1988,Amor de mis amores (reprise de la valse péruvienne Que nadie sepa mi sufrir adaptée par Édith Piaf sous le titre La foule),Paco
06/11/1988,Amor de mis amores (reprise de la valse péruvienne Que nadie sepa mi sufrir adaptée par Édith Piaf sous le titre La foule),Paco
13/11/1988,Amor de mis amores (reprise de la valse péruvienne Que nadie sepa mi sufrir adaptée par Édith Piaf sous le titre La foule),Paco
20/11/1988,Amor de mis amores (reprise de la valse péruvienne Que nadie sepa mi sufrir adaptée par Édith Piaf sous le titre La foule),Paco
27/11/1988,Amor de mis amores (reprise de la valse péruvienne Que nadie sepa mi sufrir adaptée par Édith Piaf sous le titre La foule),Paco
04/12/1988,Pourvu qu'elles soient douces,Mylène Farmer
11/12/1988,Pourvu qu'elles soient douces,Mylène Farmer
18/12/1988,Pourvu qu'elles soient douces,Mylène Farmer
25/12/1988,Pourvu qu'elles soient douces,Mylène Farmer
01/01/1989,Pourvu qu'elles soient douces,Mylène Farmer
08/01/1989,High,David Hallyday
15/01/1989,High,David Hallyday
22/01/1989,High,David Hallyday
29/01/1989,High,David Hallyday
05/02/1989,High,David Hallyday
12/02/1989,Pour toi Arménie,Charles Aznavour et divers chanteurs
19/02/1989,Pour toi Arménie,Charles Aznavour et divers chanteurs
26/02/1989,Pour toi Arménie,Charles Aznavour et divers chanteurs
05/03/1989,Pour toi Arménie,Charles Aznavour et divers chanteurs
12/03/1989,Pour toi Arménie,Charles Aznavour et divers chanteurs
19/03/1989,Pour toi Arménie,Charles Aznavour et divers chanteurs
26/03/1989,Pour toi Arménie,Charles Aznavour et divers chanteurs
02/04/1989,Pour toi Arménie,Charles Aznavour et divers chanteurs
09/04/1989,Pour toi Arménie,Charles Aznavour et divers chanteurs
16/04/1989,Pour toi Arménie,Charles Aznavour et divers chanteurs
23/04/1989,Boney M Megamix,Boney M
30/04/1989,Boney M Megamix,Boney M
07/05/1989,Boney M Megamix,Boney M
14/05/1989,Boney M Megamix,Boney M
21/05/1989,Boney M Megamix,Boney M
28/05/1989,Boney M Megamix,Boney M
04/06/1989,"Johnny, Johnny Come Home",Avalanche
11/06/1989,"Johnny, Johnny Come Home",Avalanche
18/06/1989,"Johnny, Johnny Come Home",Avalanche
25/06/1989,"Johnny, Johnny Come Home",Avalanche
02/07/1989,"Johnny, Johnny Come Home",Avalanche
09/07/1989,"Johnny, Johnny Come Home",Avalanche
16/07/1989,"Johnny, Johnny Come Home",Avalanche
23/07/1989,"Johnny, Johnny Come Home",Avalanche
30/07/1989,Lambada,Kaoma
06/08/1989,Lambada,Kaoma
13/08/1989,Lambada,Kaoma
20/08/1989,Lambada,Kaoma
27/08/1989,Lambada,Kaoma
03/09/1989,Lambada,Kaoma
10/09/1989,Lambada,Kaoma
17/09/1989,Lambada,Kaoma
24/09/1989,Lambada,Kaoma
01/10/1989,Lambada,Kaoma
08/10/1989,Lambada,Kaoma
15/10/1989,Lambada,Kaoma
22/10/1989,Cœur de loup,Philippe Lafontaine
29/10/1989,Cœur de loup,Philippe Lafontaine
05/11/1989,Swing The Mood,Jive Bunny and the Mastermixers
12/11/1989,Swing The Mood,Jive Bunny and the Mastermixers
19/11/1989,Swing The Mood,Jive Bunny and the Mastermixers
26/11/1989,Swing The Mood,Jive Bunny and the Mastermixers
03/12/1989,Swing The Mood,Jive Bunny and the Mastermixers
10/12/1989,Hélène,Roch Voisine
17/12/1989,Hélène,Roch Voisine
24/12/1989,Hélène,Roch Voisine
31/12/1989,Hélène,Roch Voisine
07/01/1990,Hélène,Roch Voisine
14/01/1990,Hélène,Roch Voisine
21/01/1990,Hélène,Roch Voisine
28/01/1990,Les Valses de Vienne,François Feldman
04/02/1990,Les Valses de Vienne,François Feldman
11/02/1990,Les Valses de Vienne,François Feldman
18/02/1990,Les Valses de Vienne,François Feldman
25/02/1990,Hélène,Roch Voisine
04/03/1990,Hélène,Roch Voisine
11/03/1990,Les Valses de Vienne,François Feldman
18/03/1990,Les Valses de Vienne,François Feldman
25/03/1990,Le Temps des yéyés,Les Vagabonds
01/04/1990,Le Temps des yéyés,Les Vagabonds
08/04/1990,Le Temps des yéyés,Les Vagabonds
15/04/1990,Le Temps des yéyés,Les Vagabonds
22/04/1990,Le Temps des yéyés,Les Vagabonds
29/04/1990,Le Temps des yéyés,Les Vagabonds
06/05/1990,Le Temps des yéyés,Les Vagabonds
13/05/1990,Words,The Christians
20/05/1990,Words,The Christians
27/05/1990,Sacrifice,Elton John
03/06/1990,Sacrifice,Elton John
10/06/1990,Sacrifice,Elton John
17/06/1990,Bo le lavabo,Lagaf'
24/06/1990,Maldòn (la musique dans la peau),Zouk Machine
01/07/1990,Maldòn (la musique dans la peau),Zouk Machine
08/07/1990,Maldòn (la musique dans la peau),Zouk Machine
15/07/1990,Maldòn (la musique dans la peau),Zouk Machine
22/07/1990,Maldòn (la musique dans la peau),Zouk Machine
29/07/1990,Maldòn (la musique dans la peau),Zouk Machine
05/08/1990,Maldòn (la musique dans la peau),Zouk Machine
12/08/1990,Soca Dance,Charles D. Lewis
19/08/1990,Soca Dance,Charles D. Lewis
26/08/1990,Soca Dance,Charles D. Lewis
02/09/1990,Soca Dance,Charles D. Lewis
09/09/1990,Soca Dance,Charles D. Lewis
16/09/1990,Soca Dance,Charles D. Lewis
23/09/1990,Maldòn (la musique dans la peau),Zouk Machine
30/09/1990,Maldòn (la musique dans la peau),Zouk Machine
07/10/1990,À toutes les filles...,Félix Gray et Didier Barbelivien
14/10/1990,À toutes les filles...,Félix Gray et Didier Barbelivien
21/10/1990,Kingston Town,UB40
28/10/1990,Kingston Town,UB40
04/11/1990,Kingston Town,UB40
11/11/1990,Une femme avec une femme,Mecano
18/11/1990,Une femme avec une femme,Mecano
25/11/1990,Une femme avec une femme,Mecano
02/12/1990,Une femme avec une femme,Mecano
09/12/1990,Une femme avec une femme,Mecano
16/12/1990,Une femme avec une femme,Mecano
23/12/1990,Une femme avec une femme,Mecano
30/12/1990,Petit Frank,François Feldman
06/01/1991,Petit Frank,François Feldman
13/01/1991,Petit Frank,François Feldman
20/01/1991,Il faut laisser le temps au temps,Félix Gray et Didier Barbelivien
27/01/1991,Il faut laisser le temps au temps,Félix Gray et Didier Barbelivien
03/02/1991,Sadeness (Part I),Enigma
10/02/1991,Sadeness (Part I),Enigma
17/02/1991,Sadeness (Part I),Enigma
24/02/1991,Sadeness (Part I),Enigma
03/03/1991,Sadeness (Part I),Enigma
10/03/1991,Wind of Change,Scorpions
17/03/1991,Wind of Change,Scorpions
24/03/1991,Wind of Change,Scorpions
31/03/1991,Wind of Change,Scorpions
07/04/1991,Wind of Change,Scorpions
14/04/1991,Wind of Change,Scorpions
21/04/1991,Wind of Change,Scorpions
28/04/1991,Désenchantée,Mylène Farmer
05/05/1991,Désenchantée,Mylène Farmer
12/05/1991,Désenchantée,Mylène Farmer
19/05/1991,Désenchantée,Mylène Farmer
26/05/1991,Désenchantée,Mylène Farmer
02/06/1991,Désenchantée,Mylène Farmer
09/06/1991,Désenchantée,Mylène Farmer
16/06/1991,Désenchantée,Mylène Farmer
23/06/1991,Désenchantée,Mylène Farmer
30/06/1991,"Auteuil, Neuilly, Passy (rap BCBG)",Les Inconnus
07/07/1991,"Auteuil, Neuilly, Passy (rap BCBG)",Les Inconnus
14/07/1991,"Auteuil, Neuilly, Passy (rap BCBG)",Les Inconnus
21/07/1991,La Zoubida (parodie de la chanson traditionnelle Sur le pont de Nantes),Lagaf'
28/07/1991,"Auteuil, Neuilly, Passy (rap BCBG)",Les Inconnus
04/08/1991,La Zoubida (parodie de la chanson traditionnelle Sur le pont de Nantes),Lagaf'
11/08/1991,La Zoubida (parodie de la chanson traditionnelle Sur le pont de Nantes),Lagaf'
18/08/1991,La Zoubida (parodie de la chanson traditionnelle Sur le pont de Nantes),Lagaf'
25/08/1991,La Zoubida (parodie de la chanson traditionnelle Sur le pont de Nantes),Lagaf'
01/09/1991,La Zoubida (parodie de la chanson traditionnelle Sur le pont de Nantes),Lagaf'
08/09/1991,La Zoubida (parodie de la chanson traditionnelle Sur le pont de Nantes),Lagaf'
15/09/1991,La Zoubida (parodie de la chanson traditionnelle Sur le pont de Nantes),Lagaf'
22/09/1991,La Zoubida (parodie de la chanson traditionnelle Sur le pont de Nantes),Lagaf'
29/09/1991,La Zoubida (parodie de la chanson traditionnelle Sur le pont de Nantes),Lagaf'
06/10/1991,La Zoubida (parodie de la chanson traditionnelle Sur le pont de Nantes),Lagaf'
13/10/1991,(Everything I Do) I Do It for You,Bryan Adams
20/10/1991,(Everything I Do) I Do It for You,Bryan Adams
27/10/1991,(Everything I Do) I Do It for You,Bryan Adams
03/11/1991,(Everything I Do) I Do It for You,Bryan Adams
10/11/1991,(Everything I Do) I Do It for You,Bryan Adams
17/11/1991,(Everything I Do) I Do It for You,Bryan Adams
24/11/1991,(Everything I Do) I Do It for You,Bryan Adams
01/12/1991,(Everything I Do) I Do It for You,Bryan Adams
08/12/1991,Qui a le droit...,Patrick Bruel
15/12/1991,Qui a le droit...,Patrick Bruel
22/12/1991,Qui a le droit...,Patrick Bruel
29/12/1991,Qui a le droit...,Patrick Bruel
05/01/1992,Qui a le droit...,Patrick Bruel
12/01/1992,Qui a le droit...,Patrick Bruel
19/01/1992,Song of Ocarina,Jean-Philippe Audin et Diego Modena
26/01/1992,Black or White,Michael Jackson
02/02/1992,Black or White,Michael Jackson
09/02/1992,Song of Ocarina,Jean-Philippe Audin et Diego Modena
16/02/1992,Qui a le droit...,Patrick Bruel
23/02/1992,Don't Let the Sun Go Down on Me,George Michael et Elton John
01/03/1992,Don't Let the Sun Go Down on Me,George Michael et Elton John
08/03/1992,Don't Let the Sun Go Down on Me,George Michael et Elton John
15/03/1992,Don't Let the Sun Go Down on Me,George Michael et Elton John
22/03/1992,Don't Let the Sun Go Down on Me,George Michael et Elton John
29/03/1992,Don't Let the Sun Go Down on Me,George Michael et Elton John
05/04/1992,Don't Let the Sun Go Down on Me,George Michael et Elton John
12/04/1992,You,Ten Sharp
19/04/1992,You,Ten Sharp
26/04/1992,Joy,François Feldman
03/05/1992,Joy,François Feldman
10/05/1992,Joy,François Feldman
17/05/1992,Joy,François Feldman
24/05/1992,Joy,François Feldman
31/05/1992,Joy,François Feldman
07/06/1992,Joy,François Feldman
14/06/1992,Joy,François Feldman
21/06/1992,Smells Like Teen Spirit,Nirvana
28/06/1992,Smells Like Teen Spirit,Nirvana
05/07/1992,Smells Like Teen Spirit,Nirvana
12/07/1992,Smells Like Teen Spirit,Nirvana
19/07/1992,Le Chat,Pow woW
26/07/1992,Le Chat,Pow woW
02/08/1992,Le Chat,Pow woW
09/08/1992,Le Chat,Pow woW
16/08/1992,Le Chat,Pow woW
23/08/1992,Le Chat,Pow woW
30/08/1992,Le Chat,Pow woW
06/09/1992,Rhythm Is a Dancer,Snap!
13/09/1992,Rhythm Is a Dancer,Snap!
20/09/1992,Rhythm Is a Dancer,Snap!
27/09/1992,Rhythm Is a Dancer,Snap!
04/10/1992,Rhythm Is a Dancer,Snap!
11/10/1992,Rhythm Is a Dancer,Snap!
18/10/1992,Dur dur d'être bébé !,Jordy
25/10/1992,Dur dur d'être bébé !,Jordy
01/11/1992,Dur dur d'être bébé !,Jordy
08/11/1992,Dur dur d'être bébé !,Jordy
15/11/1992,Dur dur d'être bébé !,Jordy
22/11/1992,Dur dur d'être bébé !,Jordy
29/11/1992,Dur dur d'être bébé !,Jordy
06/12/1992,Dur dur d'être bébé !,Jordy
13/12/1992,Dur dur d'être bébé !,Jordy
20/12/1992,Dur dur d'être bébé !,Jordy
27/12/1992,Dur dur d'être bébé !,Jordy
03/01/1993,Dur dur d'être bébé !,Jordy
10/01/1993,Dur dur d'être bébé !,Jordy
17/01/1993,Dur dur d'être bébé !,Jordy
24/01/1993,Dur dur d'être bébé !,Jordy
31/01/1993,I Will Always Love You,Whitney Houston
07/02/1993,I Will Always Love You,Whitney Houston
14/02/1993,I Will Always Love You,Whitney Houston
21/02/1993,I Will Always Love You,Whitney Houston
28/02/1993,I Will Always Love You,Whitney Houston
07/03/1993,I Will Always Love You,Whitney Houston
14/03/1993,I Will Always Love You,Whitney Houston
21/03/1993,I Will Always Love You,Whitney Houston
28/03/1993,Alison,Jordy
04/04/1993,Alison,Jordy
11/04/1993,Alison,Jordy
18/04/1993,Alison,Jordy
25/04/1993,Alison,Jordy
02/05/1993,No Limit,2 Unlimited
09/05/1993,No Limit,2 Unlimited
16/05/1993,No Limit,2 Unlimited
23/05/1993,No Limit,2 Unlimited
30/05/1993,No Limit,2 UnlimitedEncores (EP)
06/06/1993,Encores (EP),Dire Straits
13/06/1993,Encores (EP),Dire Straits
20/06/1993,Encores (EP),Dire Straits
27/06/1993,Encores (EP),Dire Straits
04/07/1993,Encores (EP),Dire Straits
11/07/1993,Encores (EP),Dire Straits
18/07/1993,What Is Love,Haddaway
25/07/1993,What Is Love,Haddaway
01/08/1993,What Is Love,Haddaway
08/08/1993,What Is Love,Haddaway
15/08/1993,What Is Love,Haddaway
22/08/1993,Darla dirladada,G.O. Culture
29/08/1993,Darla dirladada,G.O. Culture
05/09/1993,Darla dirladada,G.O. Culture
12/09/1993,Darla dirladada,G.O. Culture
19/09/1993,Mets de l’huile,Regg'Lyss
26/09/1993,Darla dirladada,G.O. Culture
03/10/1993,Living on My Own,Freddie Mercury
10/10/1993,Living on My Own,Freddie Mercury
17/10/1993,Living on My Own,Freddie Mercury
24/10/1993,Mets de l’huile,Regg'Lyss
31/10/1993,Living on My Own,Freddie Mercury
07/11/1993,Living on My Own,Freddie Mercury
14/11/1993,Living on My Own,Freddie Mercury
21/11/1993,Living on My Own,Freddie Mercury
28/11/1993,Living on My Own,Freddie Mercury
05/12/1993,Living on My Own,Freddie Mercury
12/12/1993,Living on My Own,Freddie Mercury
19/12/1993,Living on My Own,Freddie Mercury
26/12/1993,Living on My Own,Freddie Mercury
02/01/1994,Living on My Own,Freddie Mercury
09/01/1994,Living on My Own,Freddie Mercury
16/01/1994,Please Forgive Me,Bryan Adams
23/01/1994,Living on My Own,Freddie Mercury
30/01/1994,Please Forgive Me,Bryan Adams
06/02/1994,Happy Nation,Ace of Base
13/02/1994,Foule sentimentale,Alain Souchon
20/02/1994,Happy Nation,Ace of Base
27/02/1994,Happy Nation,Ace of Base
06/03/1994,Happy Nation,Ace of Base
13/03/1994,Je danse le mia,IAM
20/03/1994,Je danse le mia,IAM
27/03/1994,Je danse le mia,IAM
03/04/1994,Je danse le mia,IAM
10/04/1994,Je danse le mia,IAM
17/04/1994,Streets of Philadelphia,Bruce Springsteen
24/04/1994,Streets of Philadelphia,Bruce Springsteen
01/05/1994,Streets of Philadelphia,Bruce Springsteen
08/05/1994,It's Alright,East 17
15/05/1994,Streets of Philadelphia,Bruce Springsteen
22/05/1994,Je danse le mia,IAM
29/05/1994,Je danse le mia,IAM
05/06/1994,Streets of Philadelphia,Bruce Springsteen
12/06/1994,Je danse le mia,IAM
19/06/1994,I Can See Clearly Now,Jimmy Cliff
26/06/1994,I Can See Clearly Now,Jimmy Cliff
03/07/1994,I Can See Clearly Now,Jimmy Cliff
10/07/1994,I Like to Move It,Reel 2 Real
17/07/1994,I Like to Move It,Reel 2 Real
24/07/1994,I Like to Move It,Reel 2 Real
31/07/1994,I Like to Move It,Reel 2 Real
07/08/1994,I Like to Move It,Reel 2 Real
14/08/1994,Seven seconds,Youssou N'Dour et Neneh Cherry
21/08/1994,Seven seconds,Youssou N'Dour et Neneh Cherry
28/08/1994,Seven seconds,Youssou N'Dour et Neneh Cherry
04/09/1994,Seven seconds,Youssou N'Dour et Neneh Cherry
11/09/1994,Seven seconds,Youssou N'Dour et Neneh Cherry
18/09/1994,Seven seconds,Youssou N'Dour et Neneh Cherry
25/09/1994,Seven seconds,Youssou N'Dour et Neneh Cherry
02/10/1994,Seven seconds,Youssou N'Dour et Neneh Cherry
09/10/1994,Seven seconds,Youssou N'Dour et Neneh Cherry
16/10/1994,Seven seconds,Youssou N'Dour et Neneh Cherry
23/10/1994,Seven seconds,Youssou N'Dour et Neneh Cherry
30/10/1994,Seven seconds,Youssou N'Dour et Neneh Cherry
06/11/1994,Seven seconds,Youssou N'Dour et Neneh Cherry
13/11/1994,Seven seconds,Youssou N'Dour et Neneh Cherry
20/11/1994,Seven seconds,Youssou N'Dour et Neneh Cherry
27/11/1994,Seven seconds,Youssou N'Dour et Neneh Cherry
04/12/1994,Can You Feel the Love Tonight,Elton John
11/12/1994,Can You Feel the Love Tonight,Elton John
18/12/1994,Can You Feel the Love Tonight,Elton John
25/12/1994,Can You Feel the Love Tonight,Elton John
01/01/1995,Can You Feel the Love Tonight,Elton John
08/01/1995,Can You Feel the Love Tonight,Elton John
15/01/1995,Can You Feel the Love Tonight,Elton John
22/01/1995,Can You Feel the Love Tonight,Elton John
29/01/1995,Can You Feel the Love Tonight,Elton John
05/02/1995,Can You Feel the Love Tonight,Elton John
12/02/1995,Short Dick Man,20 Fingers et Gillette
19/02/1995,Short Dick Man,20 Fingers et Gillette
26/02/1995,Short Dick Man,20 Fingers et Gillette
05/03/1995,Zombie,The Cranberries
12/03/1995,Zombie,The Cranberries
19/03/1995,Zombie,The Cranberries
26/03/1995,Zombie,The Cranberries
02/04/1995,Zombie,The Cranberries
09/04/1995,Zombie,The Cranberries
16/04/1995,Zombie,The Cranberries
23/04/1995,Zombie,The Cranberries
30/04/1995,Zombie,The Cranberries
07/05/1995,Pour que tu m'aimes encore,Céline Dion
14/05/1995,Pour que tu m'aimes encore,Céline Dion
21/05/1995,Pour que tu m'aimes encore,Céline Dion
28/05/1995,Pour que tu m'aimes encore,Céline Dion
04/06/1995,Pour que tu m'aimes encore,Céline Dion
11/06/1995,Pour que tu m'aimes encore,Céline Dion
18/06/1995,Pour que tu m'aimes encore,Céline Dion
25/06/1995,Pour que tu m'aimes encore,Céline Dion
02/07/1995,Scatman (Ski Ba Bop Ba Dop Bop),John Scatman
09/07/1995,Pour que tu m'aimes encore,Céline Dion
16/07/1995,Pour que tu m'aimes encore,Céline Dion
23/07/1995,Pour que tu m'aimes encore,Céline Dion
30/07/1995,Pour que tu m'aimes encore,Céline Dion
06/08/1995,Yeha noha (souhaits de bonheur et de prospérité),Sacred Spirit
13/08/1995,Yeha noha (souhaits de bonheur et de prospérité),Sacred Spirit
20/08/1995,Yeha noha (souhaits de bonheur et de prospérité),Sacred Spirit
27/08/1995,Yeha noha (souhaits de bonheur et de prospérité),Sacred Spirit
03/09/1995,Yeha noha (souhaits de bonheur et de prospérité),Sacred Spirit
10/09/1995,Yeha noha (souhaits de bonheur et de prospérité),Sacred Spirit
17/09/1995,Scatman's World,John Scatman
24/09/1995,XXL,Mylène Farmer
01/10/1995,You Are Not Alone,Michael Jackson
08/10/1995,You Are Not Alone,Michael Jackson
15/10/1995,Je sais pas,Céline Dion
22/10/1995,Je sais pas,Céline Dion
29/10/1995,Je sais pas,Céline Dion
05/11/1995,Je sais pas,Céline Dion
12/11/1995,Je sais pas,Céline Dion
19/11/1995,Je sais pas,Céline Dion
26/11/1995,Je sais pas,Céline Dion
03/12/1995,Gangsta's Paradise,Coolio et L.V.
10/12/1995,Gangsta's Paradise,Coolio et L.V.
17/12/1995,Gangsta's Paradise,Coolio et L.V.
24/12/1995,Gangsta's Paradise,Coolio et L.V.
31/12/1995,Gangsta's Paradise,Coolio et L.V.
07/01/1996,Gangsta's Paradise,Coolio et L.V.
14/01/1996,Gangsta's Paradise,Coolio et L.V.
21/01/1996,Gangsta's Paradise,Coolio et L.V.
28/01/1996,Gangsta's Paradise,Coolio et L.V.
04/02/1996,Gangsta's Paradise,Coolio et L.V.
11/02/1996,Gangsta's Paradise,Coolio et L.V.
18/02/1996,Gangsta's Paradise,Coolio et L.V.
25/02/1996,Dieu m'a donné la foi,Ophélie Winter
03/03/1996,Gangsta's Paradise,Coolio et L.V.
10/03/1996,Spaceman,Babylon Zoo
17/03/1996,Soirée disco,Boris
24/03/1996,Children,Robert Miles
31/03/1996,Children,Robert Miles
07/04/1996,Children,Robert Miles
14/04/1996,Children,Robert Miles
21/04/1996,Children,Robert Miles
28/04/1996,Children,Robert Miles
05/05/1996,Children,Robert Miles
12/05/1996,Children,Robert Miles
19/05/1996,Children,Robert Miles
26/05/1996,Children,Robert Miles
02/06/1996,Children,Robert Miles
09/06/1996,X-Files theme,Mark Snow
16/06/1996,Macarena,Los del Río
23/06/1996,Macarena,Los del Río
30/06/1996,Macarena,Los del Río
07/07/1996,Macarena,Los del Río
14/07/1996,"Tic, tic tac",Carrapicho
21/07/1996,"Tic, tic tac",Carrapicho
28/07/1996,"Tic, tic tac",Carrapicho
04/08/1996,Macarena,Los del Río
11/08/1996,Macarena,Los del Río
18/08/1996,Macarena,Los del Río
25/08/1996,Killing Me Softly,The Fugees
01/09/1996,Killing Me Softly,The Fugees
08/09/1996,Killing Me Softly,The Fugees
15/09/1996,Killing Me Softly,The Fugees
22/09/1996,Killing Me Softly,The Fugees
29/09/1996,Wannabe,Spice Girls
06/10/1996,Wannabe,Spice Girls
13/10/1996,Wannabe,Spice Girls
20/10/1996,Aïcha,Khaled
27/10/1996,Freed from Desire,Gala
03/11/1996,Freed from Desire,Gala
10/11/1996,Freed from Desire,Gala
17/11/1996,Freed from Desire,Gala
24/11/1996,Freed from Desire,Gala
01/12/1996,Freed from Desire,Gala
08/12/1996,Freed from Desire,Gala
15/12/1996,Freed from Desire,Gala
22/12/1996,Freed from Desire,Gala
29/12/1996,Freed from Desire,Gala
05/01/1997,Freed from Desire,Gala
12/01/1997,Freed from Desire,Gala
19/01/1997,Freed from Desire,Gala
26/01/1997,Don't Cry for Me Argentina,Madonna
02/02/1997,Don't Cry for Me Argentina,Madonna
09/02/1997,Don't Cry for Me Argentina,Madonna
16/02/1997,Don't Cry for Me Argentina,Madonna
23/02/1997,Let a Boy Cry,Gala
02/03/1997,Con te partirò,Andrea Bocelli
09/03/1997,Let a Boy Cry,Gala
16/03/1997,Con te partirò,Andrea Bocelli
23/03/1997,Con te partirò,Andrea Bocelli
30/03/1997,Con te partirò,Andrea Bocelli
06/04/1997,Con te partirò,Andrea Bocelli
13/04/1997,María,Ricky Martin
20/04/1997,María,Ricky Martin
27/04/1997,María,Ricky Martin
04/05/1997,María,Ricky Martin
11/05/1997,María,Ricky Martin
18/05/1997,María,Ricky Martin
25/05/1997,María,Ricky Martin
01/06/1997,María,Ricky Martin
08/06/1997,María,Ricky Martin
15/06/1997,Alane,Wes
22/06/1997,Alane,Wes
29/06/1997,Alane,Wes
06/07/1997,Alane,Wes
13/07/1997,Alane,Wes
20/07/1997,Alane,Wes
27/07/1997,Alane,Wes
03/08/1997,Alane,Wes
10/08/1997,Alane,Wes
17/08/1997,Alane,Wes
24/08/1997,Men in Black,Will Smith
31/08/1997,Men in Black,Will Smith
07/09/1997,Men in Black,Will Smith
14/09/1997,Candle in the Wind 1997,Elton John
21/09/1997,Candle in the Wind 1997,Elton John
28/09/1997,Candle in the Wind 1997,Elton John
05/10/1997,Candle in the Wind 1997,Elton John
12/10/1997,Candle in the Wind 1997,Elton John
19/10/1997,Candle in the Wind 1997,Elton John
26/10/1997,Savoir aimer,Florent Pagny
02/11/1997,Barbie Girl,Aqua
09/11/1997,Savoir aimer,Florent Pagny
16/11/1997,Savoir aimer,Florent Pagny
23/11/1997,Savoir aimer,Florent Pagny
30/11/1997,Savoir aimer,Florent Pagny
07/12/1997,Savoir aimer,Florent Pagny
14/12/1997,Savoir aimer,Florent Pagny
21/12/1997,Savoir aimer,Florent Pagny
28/12/1997,Savoir aimer,Florent Pagny
04/01/1998,Vivo per lei (je vis pour elle),Andrea Bocelli et Hélène Ségara
11/01/1998,Vivo per lei (je vis pour elle),Andrea Bocelli et Hélène Ségara
18/01/1998,Vivo per lei (je vis pour elle),Andrea Bocelli et Hélène Ségara
25/01/1998,Vivo per lei (je vis pour elle),Andrea Bocelli et Hélène Ségara
01/02/1998,Vivo per lei (je vis pour elle),Andrea Bocelli et Hélène Ségara
08/02/1998,My Heart Will Go On,Céline Dion
15/02/1998,My Heart Will Go On,Céline Dion
22/02/1998,My Heart Will Go On,Céline Dion
01/03/1998,My Heart Will Go On,Céline Dion
08/03/1998,My Heart Will Go On,Céline Dion
15/03/1998,My Heart Will Go On,Céline Dion
22/03/1998,My Heart Will Go On,Céline Dion
29/03/1998,My Heart Will Go On,Céline Dion
05/04/1998,My Heart Will Go On,Céline Dion
12/04/1998,My Heart Will Go On,Céline Dion
19/04/1998,My Heart Will Go On,Céline Dion
26/04/1998,My Heart Will Go On,Céline Dion
03/05/1998,My Heart Will Go On,Céline Dion
10/05/1998,La copa de la vida,Ricky Martin
17/05/1998,La copa de la vida,Ricky Martin
24/05/1998,La copa de la vida,Ricky Martin
31/05/1998,La copa de la vida,Ricky Martin
07/06/1998,La copa de la vida,Ricky Martin
14/06/1998,La copa de la vida,Ricky Martin
21/06/1998,La Tribu de Dana,Manau
28/06/1998,La Tribu de Dana,Manau
05/07/1998,La Tribu de Dana,Manau
12/07/1998,La Tribu de Dana,Manau
19/07/1998,La Tribu de Dana,Manau
26/07/1998,La Tribu de Dana,Manau
02/08/1998,La Tribu de Dana,Manau
09/08/1998,La Tribu de Dana,Manau
16/08/1998,La Tribu de Dana,Manau
23/08/1998,La Tribu de Dana,Manau
30/08/1998,La Tribu de Dana,Manau
06/09/1998,La Tribu de Dana,Manau
13/09/1998,Belle,"Garou, Patrick Fiori et Daniel Lavoie"
20/09/1998,Belle,"Garou, Patrick Fiori et Daniel Lavoie"
27/09/1998,Belle,"Garou, Patrick Fiori et Daniel Lavoie"
04/10/1998,Belle,"Garou, Patrick Fiori et Daniel Lavoie"
11/10/1998,Belle,"Garou, Patrick Fiori et Daniel Lavoie"
18/10/1998,Belle,"Garou, Patrick Fiori et Daniel Lavoie"
25/10/1998,Belle,"Garou, Patrick Fiori et Daniel Lavoie"
01/11/1998,Belle,"Garou, Patrick Fiori et Daniel Lavoie"
08/11/1998,Belle,"Garou, Patrick Fiori et Daniel Lavoie"
15/11/1998,Belle,"Garou, Patrick Fiori et Daniel Lavoie"
22/11/1998,Belle,"Garou, Patrick Fiori et Daniel Lavoie"
29/11/1998,Belle,"Garou, Patrick Fiori et Daniel Lavoie"
06/12/1998,Belle,"Garou, Patrick Fiori et Daniel Lavoie"
13/12/1998,Belle,"Garou, Patrick Fiori et Daniel Lavoie"
20/12/1998,Belle,"Garou, Patrick Fiori et Daniel Lavoie"
27/12/1998,Belle,"Garou, Patrick Fiori et Daniel Lavoie"
03/01/1999,Belle,"Garou, Patrick Fiori et Daniel Lavoie"
10/01/1999,Belle,"Garou, Patrick Fiori et Daniel Lavoie"
17/01/1999,Mais qui est la belette ?,Manau
24/01/1999,Believe,Cher
31/01/1999,Tu m'oublieras,Larusso
07/02/1999,Tu m'oublieras,Larusso
14/02/1999,Tu m'oublieras,Larusso
21/02/1999,Tu m'oublieras,Larusso
28/02/1999,Tu m'oublieras,Larusso
07/03/1999,Tu m'oublieras,Larusso
14/03/1999,Tu m'oublieras,Larusso
21/03/1999,Tu m'oublieras,Larusso
28/03/1999,Tu m'oublieras,Larusso
04/04/1999,Tu m'oublieras,Larusso
11/04/1999,Tu m'oublieras,Larusso
18/04/1999,Tu m'oublieras,Larusso
25/04/1999,...Baby One More Time,Britney Spears
02/05/1999,...Baby One More Time,Britney Spears
09/05/1999,Au nom de la rose,Moos
16/05/1999,Au nom de la rose,Moos
23/05/1999,Au nom de la rose,Moos
30/05/1999,Au nom de la rose,Moos
06/06/1999,Au nom de la rose,Moos
13/06/1999,Au nom de la rose,Moos
20/06/1999,Au nom de la rose,Moos
27/06/1999,Au nom de la rose,Moos
04/07/1999,Au nom de la rose,Moos
11/07/1999,Tu ne m'as pas laissé le temps,David Hallyday
18/07/1999,Tomber la chemise,Zebda
25/07/1999,Tomber la chemise,Zebda
01/08/1999,Tomber la chemise,Zebda
08/08/1999,Blue (Da Ba Dee),Eiffel 65
15/08/1999,Blue (Da Ba Dee),Eiffel 65
22/08/1999,Blue (Da Ba Dee),Eiffel 65
29/08/1999,Mambo No. 5 (a little bit of…),Lou Bega
05/09/1999,Mambo No. 5 (a little bit of…),Lou Bega
12/09/1999,Mambo No. 5 (a little bit of…),Lou Bega
19/09/1999,Mambo No. 5 (a little bit of…),Lou Bega
26/09/1999,Mambo No. 5 (a little bit of…),Lou Bega
03/10/1999,Mambo No. 5 (a little bit of…),Lou Bega
10/10/1999,Mambo No. 5 (a little bit of…),Lou Bega
17/10/1999,Mambo No. 5 (a little bit of…),Lou Bega
24/10/1999,Mambo No. 5 (a little bit of…),Lou Bega
31/10/1999,Mambo No. 5 (a little bit of…),Lou Bega
07/11/1999,Mambo No. 5 (a little bit of…),Lou Bega
14/11/1999,Mambo No. 5 (a little bit of…),Lou Bega
21/11/1999,Mambo No. 5 (a little bit of…),Lou Bega
28/11/1999,Mambo No. 5 (a little bit of…),Lou Bega
05/12/1999,Mambo No. 5 (a little bit of…),Lou Bega
12/12/1999,Mambo No. 5 (a little bit of…),Lou Bega
19/12/1999,Mambo No. 5 (a little bit of…),Lou Bega
26/12/1999,Mambo No. 5 (a little bit of…),Lou Bega
02/01/2000,Mambo No. 5 (a little bit of…),Lou Bega
09/01/2000,Mambo No. 5 (a little bit of…),Lou Bega
16/01/2000,Move Your Body,Eiffel 65
23/01/2000,Move Your Body,Eiffel 65
30/01/2000,Il y a trop de gens qui t'aiment,Hélène Ségara
06/02/2000,Move Your Body,Eiffel 65
13/02/2000,Move Your Body,Eiffel 65
20/02/2000,Il y a trop de gens qui t'aiment,Hélène Ségara
27/02/2000,Sex Bomb,Tom Jones et Mousse T.
05/03/2000,Sex Bomb,Tom Jones et Mousse T.
12/03/2000,Sex Bomb,Tom Jones et Mousse T.
19/03/2000,Sex Bomb,Tom Jones et Mousse T.
26/03/2000,Sex Bomb,Tom Jones et Mousse T.
02/04/2000,Sex Bomb,Tom Jones et Mousse T.
09/04/2000,Sex Bomb,Tom Jones et Mousse T.
16/04/2000,Ces soirées-là,Yannick
23/04/2000,Ces soirées-là,Yannick
30/04/2000,Ces soirées-là,Yannick
07/05/2000,Ces soirées-là,Yannick
14/05/2000,Ces soirées-là,Yannick
21/05/2000,Ces soirées-là,Yannick
28/05/2000,Ces soirées-là,Yannick
04/06/2000,Ces soirées-là,Yannick
11/06/2000,Ces soirées-là,Yannick
18/06/2000,Ces soirées-là,Yannick
25/06/2000,Ces soirées-là,Yannick
02/07/2000,Ces soirées-là,Yannick
09/07/2000,Ces soirées-là,Yannick
16/07/2000,Ces soirées-là,Yannick
23/07/2000,Ces soirées-là,Yannick
30/07/2000,Maria Maria,Santana et The Product G and B
06/08/2000,Maria Maria,Santana et The Product G and B
13/08/2000,Maria Maria,Santana et The Product G and B
20/08/2000,Maria Maria,Santana et The Product G and B
27/08/2000,Les Rois du monde,"Grégori Baquet, Damien Sargue et Philippe d'Avilla"
03/09/2000,Les Rois du monde,"Grégori Baquet, Damien Sargue et Philippe d'Avilla"
10/09/2000,Les Rois du monde,"Grégori Baquet, Damien Sargue et Philippe d'Avilla"
17/09/2000,Les Rois du monde,"Grégori Baquet, Damien Sargue et Philippe d'Avilla"
24/09/2000,Les Rois du monde,"Grégori Baquet, Damien Sargue et Philippe d'Avilla"
01/10/2000,Les Rois du monde,"Grégori Baquet, Damien Sargue et Philippe d'Avilla"
08/10/2000,Les Rois du monde,"Grégori Baquet, Damien Sargue et Philippe d'Avilla"
15/10/2000,Les Rois du monde,"Grégori Baquet, Damien Sargue et Philippe d'Avilla"
22/10/2000,Les Rois du monde,"Grégori Baquet, Damien Sargue et Philippe d'Avilla"
29/10/2000,Les Rois du monde,"Grégori Baquet, Damien Sargue et Philippe d'Avilla"
05/11/2000,Les Rois du monde,"Grégori Baquet, Damien Sargue et Philippe d'Avilla"
12/11/2000,Les Rois du monde,"Grégori Baquet, Damien Sargue et Philippe d'Avilla"
19/11/2000,One More Time,Daft Punk
26/11/2000,Les Rois du monde,"Grégori Baquet, Damien Sargue et Philippe d'Avilla"
03/12/2000,Les Rois du monde,"Grégori Baquet, Damien Sargue et Philippe d'Avilla"
10/12/2000,Les Rois du monde,"Grégori Baquet, Damien Sargue et Philippe d'Avilla"
17/12/2000,Les Rois du monde,"Grégori Baquet, Damien Sargue et Philippe d'Avilla"
24/12/2000,Les Rois du monde,"Grégori Baquet, Damien Sargue et Philippe d'Avilla"
31/12/2000,L'Alizé,Alizée
07/01/2001,L'Alizé,Alizée
14/01/2001,Seul,Garou
21/01/2001,Seul,Garou
28/01/2001,Seul,Garou
04/02/2001,Seul,Garou
11/02/2001,Seul,Garou
18/02/2001,Seul,Garou
25/02/2001,Seul,Garou
04/03/2001,Seul,Garou
11/03/2001,Seul,Garou
18/03/2001,Seul,Garou
25/03/2001,Seul,Garou
01/04/2001,It Wasn't Me,Shaggy
08/04/2001,It Wasn't Me,Shaggy
15/04/2001,It Wasn't Me,Shaggy
22/04/2001,It Wasn't Me,Shaggy
29/04/2001,It Wasn't Me,Shaggy
06/05/2001,It Wasn't Me,Shaggy
13/05/2001,It Wasn't Me,Shaggy
11/03/2001,It Wasn't Me,Shaggy
18/03/2001,It Wasn't Me,Shaggy
25/03/2001,It Wasn't Me,Shaggy
01/04/2001,Hasta la vista,Mc Solaar
08/04/2001,Hasta la vista,Mc Solaar
15/04/2001,Hasta la vista,Mc Solaar
22/04/2001,Hasta la vista,Mc Solaar
29/04/2001,Hasta la vista,Mc Solaar
06/05/2001,Up and down - leur hymne officiel,Les Lofteurs
13/05/2001,Up and down - leur hymne officiel,Les Lofteurs
20/05/2001,Up and down - leur hymne officiel,Les Lofteurs
27/05/2001,Up and down - leur hymne officiel,Les Lofteurs
03/06/2001,Up and down - leur hymne officiel,Les Lofteurs
10/06/2001,Up and down - leur hymne officiel,Les Lofteurs
17/06/2001,Up and down - leur hymne officiel,Les Lofteurs
24/06/2001,It's Raining Men,Geri Halliwell
01/07/2001,It's Raining Men,Geri Halliwell
08/07/2001,It's Raining Men,Geri Halliwell
15/07/2001,It's Raining Men,Geri Halliwell
22/07/2001,It's Raining Men,Geri Halliwell
29/07/2001,Family Affair,Mary J. Blige
05/08/2001,You Rock My World,Michael Jackson
12/08/2001,You Rock My World,Michael Jackson
19/08/2001,You Rock My World,Michael Jackson
26/08/2001,Sous le vent,Garou et Céline Dion
02/09/2001,Sous le vent,Garou et Céline Dion
09/09/2001,Sous le vent,Garou et Céline Dion
16/09/2001,Can't Get You Out of My Head,Kylie Minogue
23/09/2001,Toutes les femmes de ta vie,L5
30/09/2001,La Musique,Star Academy 1
07/10/2001,La Musique,Star Academy 1
14/10/2001,La Musique,Star Academy 1
21/10/2001,La Musique,Star Academy 1
28/10/2001,La Musique,Star Academy 1
04/11/2001,La Musique,Star Academy 1
11/11/2001,La Musique,Star Academy 1
18/11/2001,La Musique,Star Academy 1
25/11/2001,La Musique,Star Academy 1
02/12/2001,Gimme! Gimme! Gimme! (A Man After Midnight),Star Academy 1
09/12/2001,Gimme! Gimme! Gimme! (A Man After Midnight),Star Academy 1
16/12/2001,J'ai tout oublié,Marc Lavoine et Cristina Marocco
23/12/2001,J'ai tout oublié,Marc Lavoine et Cristina Marocco
30/12/2001,Qui est l'exemple ?,Rohff
06/01/2002,Qui est l'exemple ?,Rohff
13/01/2002,Qui est l'exemple ?,Rohff
20/01/2002,"Whenever, Wherever",Shakira
27/01/2002,"Whenever, Wherever",Shakira
03/02/2002,"Whenever, Wherever",Shakira
10/02/2002,"Whenever, Wherever",Shakira
17/02/2002,Tous ensemble,Johnny Hallyday
24/02/2002,Stach stach,Bratisla Boys
03/03/2002,Stach stach,Bratisla Boys
10/03/2002,Stach stach,Bratisla Boys
17/03/2002,Stach stach,Bratisla Boys
24/03/2002,Stach stach,Bratisla Boys
31/03/2002,Stach stach,Bratisla Boys
07/04/2002,Un enfant de toi,Phil Barney et Marlène Duval
14/04/2002,Un enfant de toi,Phil Barney et Marlène Duval
21/04/2002,Un enfant de toi,Phil Barney et Marlène Duval
28/04/2002,Stach stach,Bratisla Boys
05/05/2002,Cum-cum mania,Félicien
12/05/2002,J'ai demandé à la lune,Indochine
19/05/2002,Stach stach,Bratisla Boys
26/05/2002,Stach stach,Bratisla Boys
02/06/2002,Stach stach,Bratisla Boys
09/06/2002,Inch'Allah,Mc Solaar
16/06/2002,Inch'Allah,Mc Solaar
23/06/2002,Inch'Allah,Mc Solaar
30/06/2002,Inch'Allah,Mc Solaar
07/07/2002,Aserejé (The Ketchup Song),Las Ketchup
14/07/2002,Aserejé (The Ketchup Song),Las Ketchup
21/07/2002,Aserejé (The Ketchup Song),Las Ketchup
28/07/2002,Aserejé (The Ketchup Song),Las Ketchup
04/08/2002,Aserejé (The Ketchup Song),Las Ketchup
11/08/2002,Aserejé (The Ketchup Song),Las Ketchup
18/08/2002,Aserejé (The Ketchup Song),Las Ketchup
25/08/2002,Aserejé (The Ketchup Song),Las Ketchup
01/09/2002,Aserejé (The Ketchup Song),Las Ketchup
08/09/2002,Marie,Johnny Hallyday
15/09/2002,Aserejé (The Ketchup Song),Las Ketchup
22/09/2002,Plus haut,Whatfor
29/09/2002,Aserejé (The Ketchup Song),Las Ketchup
06/10/2002,Marie,Johnny Hallyday
13/10/2002,Marie,Johnny Hallyday
20/10/2002,Paris Latino (reprise de Bandolero),Star Academy 2
27/10/2002,Paris Latino (reprise de Bandolero),Star Academy 2
03/11/2002,Paris Latino (reprise de Bandolero),Star Academy 2
10/11/2002,Paris Latino (reprise de Bandolero),Star Academy 2
17/11/2002,Paris Latino (reprise de Bandolero),Star Academy 2
24/11/2002,Le Frunkp,Alphonse Brown
01/12/2002,Le Frunkp,Alphonse Brown
08/12/2002,Le Frunkp,Alphonse Brown
15/12/2002,Le Frunkp,Alphonse Brown
22/12/2002,Le Frunkp,Alphonse Brown
29/12/2002,Le Frunkp,Alphonse Brown
05/01/2003,Le Frunkp,Alphonse Brown
12/01/2003,Cassé,Nolwenn Leroy
19/01/2003,Cassé,Nolwenn Leroy
26/01/2003,Entre nous,Chimène Badi
02/02/2003,Entre nous,Chimène Badi
09/02/2003,Ma liberté de penser,Florent Pagny
16/02/2003,Ma liberté de penser,Florent Pagny
23/02/2003,Ma liberté de penser,Florent Pagny
02/03/2003,Ma liberté de penser,Florent Pagny
09/03/2003,Ma liberté de penser,Florent Pagny
16/03/2003,Ma liberté de penser,Florent Pagny
23/03/2003,Sur un air latino,Lorie
30/03/2003,Fan,Pascal Obispo
06/04/2003,Sur un air latino,Lorie
13/04/2003,Chihuahua,DJ BoBo
20/04/2003,Chihuahua,DJ BoBo
27/04/2003,Chihuahua,DJ BoBo
04/05/2003,Chihuahua,DJ BoBo
11/05/2003,Chihuahua,DJ BoBo
18/05/2003,Chihuahua,DJ BoBo
25/05/2003,Chihuahua,DJ BoBo
01/06/2003,Chihuahua,DJ BoBo
08/06/2003,Chihuahua,DJ BoBo
15/06/2003,Chihuahua,DJ BoBo
22/06/2003,Laisse parler les gens,"Jacob Desvarieux, Passi, Jocelyne Labylle et Cheela"
29/06/2003,Laisse parler les gens,"Jacob Desvarieux, Passi, Jocelyne Labylle et Cheela"
06/07/2003,Laisse parler les gens,"Jacob Desvarieux, Passi, Jocelyne Labylle et Cheela"
13/07/2003,Papi chulo (te traigo el mmm...),Lorna
20/07/2003,Hey oh,Tragédie
27/07/2003,Hey oh,Tragédie
03/08/2003,Hey oh,Tragédie
10/08/2003,Hey oh,Tragédie
17/08/2003,Hey oh,Tragédie
24/08/2003,Hey oh,Tragédie
31/08/2003,Hey oh,Tragédie
07/09/2003,Hey oh,Tragédie
14/09/2003,Mon étoile,Linkup
21/09/2003,Mon étoile,Linkup
28/09/2003,Hey oh,TragédieMon étoile
05/10/2003,Hey oh,Tragédie
12/10/2003,L'Orange/ Wot,Star Academy 3
19/10/2003,L'Orange/ Wot,Star Academy 3
26/10/2003,L'Orange/ Wot,Star Academy 3
02/11/2003,Sexy pour moi,Tragédie
09/11/2003,L'Orange/ Wot,Star Academy 3
16/11/2003,Si demain... (Turn Around),Bonnie Tyler et Kareen Antonn
23/11/2003,Shut Up,The Black Eyed Peas
30/11/2003,Si demain... (Turn Around),Bonnie Tyler et Kareen Antonn
07/12/2003,Si demain... (Turn Around),Bonnie Tyler et Kareen Antonn
14/12/2003,Si demain... (Turn Around),Bonnie Tyler et Kareen Antonn
21/12/2003,Si demain... (Turn Around),Bonnie Tyler et Kareen Antonn
28/12/2003,Si demain... (Turn Around),Bonnie Tyler et Kareen Antonn
04/01/2004,Si demain... (Turn Around),Bonnie Tyler et Kareen Antonn
11/01/2004,Si demain... (Turn Around),Bonnie Tyler et Kareen Antonn
18/01/2004,Modern Times,J-Five et Charlie Chaplin
25/01/2004,Si demain... (Turn Around),Bonnie Tyler et Kareen Antonn
01/02/2004,Si demain... (Turn Around),Bonnie Tyler et Kareen Antonn
08/02/2004,Yeah!,Usher
15/02/2004,Dragostea din tei,O-Zone
22/02/2004,Dragostea din tei,O-Zone
29/02/2004,Dragostea din tei,O-Zone
07/03/2004,Dragostea din tei,O-Zone
14/03/2004,Dragostea din tei,O-Zone
21/03/2004,Dragostea din tei,O-Zone
28/03/2004,Dragostea din tei,O-Zone
04/04/2004,Dragostea din tei,O-Zone
11/04/2004,Dragostea din tei,O-Zone
18/04/2004,Dragostea din tei,O-Zone
25/04/2004,Dragostea din tei,O-Zone
02/05/2004,Dragostea din tei,O-Zone
09/05/2004,Dragostea din tei,O-Zone
16/05/2004,Dragostea din tei,O-Zone
23/05/2004,Dragostea din tei,O-Zone
30/05/2004,Femme Like U (donne-moi ton corps...),K-Maro
06/06/2004,Obsesión,Aventura
13/06/2004,Obsesión,Aventura
20/06/2004,Obsesión,Aventura
27/06/2004,Obsesión,Aventura
04/07/2004,Obsesión,Aventura
11/07/2004,Obsesión,Aventura
18/07/2004,Obsesión,Aventura
25/07/2004,"Laissez-moi danser (Monday, Tuesday)",Star Academy 4
01/08/2004,"Laissez-moi danser (Monday, Tuesday)",Star Academy 4
08/08/2004,"Laissez-moi danser (Monday, Tuesday)",Star Academy 4
15/08/2004,"Laissez-moi danser (Monday, Tuesday)",Star Academy 4
22/08/2004,"Laissez-moi danser (Monday, Tuesday)",Star Academy 4
29/08/2004,"Laissez-moi danser (Monday, Tuesday)",Star Academy 4
05/09/2004,Gentleman,Tragédie
12/09/2004,Four to the Floor,Starsailor
19/09/2004,La Rivière de notre enfance,Garou et Michel Sardou
26/09/2004,La Rivière de notre enfance,Garou et Michel Sardou
03/10/2004,La Rivière de notre enfance,Garou et Michel Sardou
10/10/2004,La Rivière de notre enfance,Garou et Michel Sardou
17/10/2004,La Rivière de notre enfance,Garou et Michel Sardou
24/10/2004,Adieu monsieur le professeur,Star Academy 4
31/10/2004,Call on Me,Eric Prydz
07/11/2004,Call on Me,Eric Prydz
14/11/2004,Call on Me,Eric Prydz
21/11/2004,Ma philosophie,Amel Bent
28/11/2004,Ma philosophie,Amel Bent
05/12/2004,Ma philosophie,Amel Bent
12/12/2004,Ma philosophie,Amel Bent
19/12/2004,Ma philosophie,Amel Bent
26/12/2004,Ma philosophie,Amel Bent
02/01/2005,Un monde parfait,Ilona Mitrecey
09/01/2005,Un monde parfait,Ilona Mitrecey
16/01/2005,Un monde parfait,Ilona Mitrecey
23/01/2005,Un monde parfait,Ilona Mitrecey
30/01/2005,Un monde parfait,Ilona Mitrecey
06/02/2005,Un monde parfait,Ilona Mitrecey
13/02/2005,Un monde parfait,Ilona Mitrecey
20/02/2005,Un monde parfait,Ilona Mitrecey
27/02/2005,Un monde parfait,Ilona Mitrecey
06/03/2005,Un monde parfait,Ilona Mitrecey
13/03/2005,Un monde parfait,Ilona Mitrecey
20/03/2005,Un monde parfait,Ilona Mitrecey
27/03/2005,Un monde parfait,Ilona Mitrecey
03/04/2005,Un monde parfait,Ilona Mitrecey
10/04/2005,Un monde parfait,Ilona Mitrecey
17/04/2005,Axel F,Crazy Frog
24/04/2005,Axel F,Crazy Frog
01/05/2005,Axel F,Crazy Frog
08/05/2005,Axel F,Crazy Frog
15/05/2005,Axel F,Crazy Frog
22/05/2005,Axel F,Crazy Frog
29/05/2005,Axel F,Crazy Frog
05/06/2005,Axel F,Crazy Frog
12/06/2005,Axel F,Crazy Frog
19/06/2005,Axel F,Crazy Frog
26/06/2005,Axel F,Crazy Frog
03/07/2005,Axel F,Crazy Frog
10/07/2005,Axel F,Crazy Frog
17/07/2005,Popcorn,Crazy Frog
24/07/2005,Popcorn,Crazy Frog
31/07/2005,Popcorn,Crazy Frog
07/08/2005,Popcorn,Crazy Frog
14/08/2005,Popcorn,Crazy Frog
21/08/2005,Popcorn,Crazy Frog
28/08/2005,Popcorn,Crazy Frog
04/09/2005,Hung Up,Madonna
11/09/2005,Hung Up,Madonna
18/09/2005,Hung Up,Madonna
25/09/2005,Hung Up,Madonna
02/10/2005,Santiano,Star Academy 5
09/10/2005,Santiano,Star Academy 5
16/10/2005,Mon plus beau Noël,Johnny Hallyday
23/10/2005,Hung Up,Madonna
30/10/2005,La camisa negra,Juanes
06/11/2005,La camisa negra,Juanes
13/11/2005,J'voulais,Amine
20/11/2005,Nolwenn Ohwo !,Nolwenn Leroy
27/11/2005,J'voulais,Amine
04/12/2005,J'voulais,Amine
11/12/2005,J'voulais,Amine
18/12/2005,Baila morena,Zucchero et Maná
25/12/2005,Baila morena,Zucchero et Maná
01/01/2006,Baila morena,Zucchero et Maná
08/01/2006,Baila morena,Zucchero et Maná
15/01/2006,Papa Pingouin,Pigloo
22/01/2006,Papa Pingouin,Pigloo
29/01/2006,Papa Pingouin,Pigloo
05/02/2006,La Boulette (génération nan nan),Diam's
12/02/2006,La Boulette (génération nan nan),Diam's
19/02/2006,La Boulette (génération nan nan),Diam's
26/02/2006,Hips Don't Lie,Shakira et Wyclef Jean
05/03/2006,Living on Video,Pakito
12/03/2006,Living on Video,Pakito
19/03/2006,Living on Video,Pakito
26/03/2006,Living on Video,Pakito
02/04/2006,We Are the Champions (ding a dang dong),Crazy Frog
09/04/2006,We Are the Champions (ding a dang dong),Crazy Frog
16/04/2006,We Are the Champions (ding a dang dong),Crazy Frog
23/04/2006,We Are the Champions (ding a dang dong),Crazy Frog
30/04/2006,We Are the Champions (ding a dang dong),Crazy Frog
07/05/2006,Zidane y va marquer (parodie de Madan de Salif Keita et Martin Solveig),Sébastien Cauet
14/05/2006,Zidane y va marquer (parodie de Madan de Salif Keita et Martin Solveig),Sébastien Cauet
21/05/2006,Coup de boule,La Plage
28/05/2006,Coup de boule,La Plage
04/06/2006,Coup de boule,La Plage
11/06/2006,Façon Sex,Tribal King
18/06/2006,Façon Sex,Tribal King
25/06/2006,Façon Sex,Tribal King
02/07/2006,Façon Sex,Tribal King
09/07/2006,Façon Sex,Tribal King
16/07/2006,La Loi du silence,Johnny Hallyday
23/07/2006,Slipping Away (Crier la vie),Moby et Mylène Farmer
30/07/2006,Pas le temps,Faf Larage
06/08/2006,Pas le temps,Faf Larage
13/08/2006,Pas le temps,Faf Larage
20/08/2006,Pas le temps,Faf Larage
27/08/2006,Pas le temps,Faf Larage
03/09/2006,Pas le temps,Faf Larage
10/09/2006,Mon pays,Faudel
17/09/2006,Fous ta cagoule,Fatal Bazooka
24/09/2006,Fous ta cagoule,Fatal Bazooka
01/10/2006,Fous ta cagoule,Fatal Bazooka
08/10/2006,Fous ta cagoule,Fatal Bazooka
15/10/2006,Fous ta cagoule,Fatal Bazooka
22/10/2006,Fous ta cagoule,Fatal Bazooka
29/10/2006,Fous ta cagoule,Fatal Bazooka
05/11/2006,Fous ta cagoule,Fatal Bazooka
12/11/2006,Marly-Gomont,Kamini
19/11/2006,Marly-Gomont,Kamini
26/11/2006,Marly-Gomont,Kamini
03/12/2006,Marly-Gomont,Kamini
10/12/2006,Aux arbres citoyens,Yannick Noah
17/12/2006,Aux arbres citoyens,Yannick Noah
24/12/2006,Aux arbres citoyens,Yannick Noah
31/12/2006,Mauvaise foi nocturne,Fatal Bazooka et Vitoo
07/01/2007,Mauvaise foi nocturne,Fatal Bazooka et Vitoo
14/01/2007,Mauvaise foi nocturne,Fatal Bazooka et Vitoo
21/01/2007,Mauvaise foi nocturne,Fatal Bazooka et Vitoo
28/01/2007,Mauvaise foi nocturne,Fatal Bazooka et Vitoo
04/02/2007,Mauvaise foi nocturne,Fatal Bazooka et VitooMiracle
11/02/2007,Et s'il n'en restait qu'une (Je serais celle-là),Céline Dion
18/02/2007,Beautiful Liar,Beyoncé et Shakira
25/02/2007,Balance-toi,Tony Parker
04/03/2007,Beautiful Liar,Beyoncé et Shakira
11/03/2007,On s'attache,Christophe Maé
18/03/2007,Say it right,Nelly Furtado
25/03/2007,Double je,Christophe Willem
01/04/2007,Double je,Christophe Willem
08/04/2007,De temps en temps,Grégory Lemarchal
15/04/2007,Double je,Christophe Willem
22/04/2007,Double je,Christophe Willem
29/04/2007,"Relax, take it easy",Mika
06/05/2007,"Relax, take it easy",Mika
13/05/2007,Double je,Christophe Willem
20/05/2007,Double je,Christophe Willem
27/05/2007,Double je,Christophe Willem
03/06/2007,4 mots sur un piano,"Patrick Fiori, Jean-Jacques Goldman et Christine Ricol"
10/06/2007,4 mots sur un piano,"Patrick Fiori, Jean-Jacques Goldman et Christine Ricol"
17/06/2007,Garçon,Koxie
24/06/2007,Garçon,Koxie
01/07/2007,Garçon,Koxie
08/07/2007,Garçon,Koxie
15/07/2007,Garçon,Koxie
22/07/2007,Garçon,Koxie
29/07/2007,Garçon,Koxie
05/08/2007,Kamaté,Ora Maté
12/08/2007,Elle,Melissa M
19/08/2007,Don't Stop the Music,Rihanna
26/08/2007,Don't Stop the Music,Rihanna
02/09/2007,Quelque part,Sheryfa Luna
09/09/2007,Quelque part,Sheryfa Luna
16/09/2007,Quelque part,Sheryfa Luna
23/09/2007,Quelque part,Sheryfa Luna
30/09/2007,Parle à ma main,Fatal Bazooka et Yelle
07/10/2007,Parle à ma main,Fatal Bazooka et Yelle
14/10/2007,Parle à ma main,Fatal Bazooka et Yelle
21/10/2007,Parle à ma main,Fatal Bazooka et Yelle
28/10/2007,Parle à ma main,Fatal Bazooka et Yelle
04/11/2007,Parle à ma main,Fatal Bazooka et Yelle
11/11/2007,Parle à ma main,Fatal Bazooka et Yelle
18/11/2007,Il avait les mots,Sheryfa Luna
25/11/2007,Il avait les mots,Sheryfa Luna
02/12/2007,Il avait les mots,Sheryfa Luna
09/12/2007,Il avait les mots,Sheryfa Luna
16/12/2007,Il avait les mots,Sheryfa Luna
23/12/2007,Il avait les mots,Sheryfa Luna
30/12/2007,Il avait les mots,Sheryfa Luna
06/01/2008,Il avait les mots,Sheryfa Luna
13/01/2008,Bleeding Love,Leona Lewis
20/01/2008,Dangerous,"M. Pokora, Timbaland et Sebastian"
27/01/2008,No Stress,Laurent Wolf
03/02/2008,"Hé, biloute! Monte l'son! Hein!",Ch'ti DJ
10/02/2008,Tired of Being Sorry (Laisse le destin l'emporter),Nadiya et Enrique Iglesias
17/02/2008,Tired of Being Sorry (Laisse le destin l'emporter),Nadiya et Enrique Iglesias
24/02/2008,Tired of Being Sorry (Laisse le destin l'emporter),Nadiya et Enrique Iglesias
02/03/2008,Tired of Being Sorry (Laisse le destin l'emporter),Nadiya et Enrique Iglesias
09/03/2008,Tired of Being Sorry (Laisse le destin l'emporter),Nadiya et Enrique Iglesias
16/03/2008,Tired of Being Sorry (Laisse le destin l'emporter),Nadiya et Enrique Iglesias
23/03/2008,Tired of Being Sorry (Laisse le destin l'emporter),Nadiya et Enrique Iglesias
30/03/2008,Tired of Being Sorry (Laisse le destin l'emporter),Nadiya et Enrique Iglesias
06/04/2008,Tired of Being Sorry (Laisse le destin l'emporter),Nadiya et Enrique Iglesias
13/04/2008,Tired of Being Sorry (Laisse le destin l'emporter),Nadiya et Enrique Iglesias
20/04/2008,Tired of Being Sorry (Laisse le destin l'emporter),Nadiya et Enrique Iglesias
27/04/2008,Rayon de soleil,William Baldé
04/05/2008,Rayon de soleil,William Baldé
11/05/2008,Rayon de soleil,William Baldé
18/05/2008,Rayon de soleil,William Baldé
25/05/2008,Rayon de soleil,William Baldé
01/06/2008,Rayon de soleil,William Baldé
08/06/2008,Rayon de soleil,William Baldé
15/06/2008,Dégénération,Mylène Farmer
22/06/2008,Rayon de soleil,William Baldé
29/06/2008,Rayon de soleil,William Baldé
06/07/2008,Beggin',Madcon
13/07/2008,Beggin',Madcon
20/07/2008,Beggin',Madcon
27/07/2008,Beggin',Madcon
03/08/2008,Beggin',Madcon
10/08/2008,Beggin',Madcon
17/08/2008,Beggin',Madcon
24/08/2008,Infinity 2008,Guru Josh Project
31/08/2008,Appelle mon numéro,Mylène Farmer
07/09/2008,Ça n'finira jamais,Johnny Hallyday
14/09/2008,Ça n'finira jamais,Johnny Hallyday
21/09/2008,Infinity 2008,Guru Josh Project
28/09/2008,Ah… si tu pouvais fermer ta gueule,Patrick Sébastien
05/10/2008,Womanizer,Britney Spears
12/10/2008,Womanizer,Britney Spears
19/10/2008,Womanizer,Britney Spears
26/10/2008,Womanizer,Britney Spears
02/11/2008,Womanizer,Britney Spears
09/11/2008,Tatoue-moi,Mikelangelo Loconte
16/11/2008,Tatoue-moi,Mikelangelo Loconte
23/11/2008,Tatoue-moi,Mikelangelo Loconte
30/11/2008,Tatoue-moi,Mikelangelo Loconte
07/12/2008,Tatoue-moi,Mikelangelo Loconte
14/12/2008,Si j'avais au moins…,Mylène Farmer
21/12/2008,Poker Face,Lady Gaga
28/12/2008,Liberta,Pep's
04/01/2009,Liberta,Pep's
11/01/2009,Poker Face,Lady Gaga
18/01/2009,Poker Face,Lady Gaga
25/01/2009,Poker Face,Lady Gaga
01/02/2009,Like a Hobo,Charlie Winston
08/02/2009,Même pas fatigué,Magic System et Khaled
15/02/2009,Même pas fatigué,Magic System et Khaled
22/02/2009,Même pas fatigué,Magic System et Khaled
01/03/2009,C'est dans l'air,Mylène Farmer
08/03/2009,Même pas fatigué,Magic System et Khaled
15/03/2009,Même pas fatigué,Magic System et Khaled
22/03/2009,Même pas fatigué,Magic System et Khaled
29/03/2009,Même pas fatigué,Magic System et Khaled
05/04/2009,Ça m'énerve,Helmut Fritz
12/04/2009,Ça m'énerve,Helmut Fritz
19/04/2009,Ça m'énerve,Helmut Fritz
26/04/2009,Ça m'énerve,Helmut Fritz
03/05/2009,I Know You Want Me (Calle Ocho),Pitbull
10/05/2009,I Know You Want Me (Calle Ocho),Pitbull
17/05/2009,I Know You Want Me (Calle Ocho),Pitbull
24/05/2009,I Know You Want Me (Calle Ocho),Pitbull
31/05/2009,I Know You Want Me (Calle Ocho),Pitbull
07/06/2009,I Know You Want Me (Calle Ocho),Pitbull
14/06/2009,I Know You Want Me (Calle Ocho),Pitbull
21/06/2009,I Know You Want Me (Calle Ocho),Pitbull
28/06/2009,Sextonik,Mylène Farmer
05/07/2009,Lady Melody,Tom Frager
12/07/2009,Lady Melody,Tom Frager
19/07/2009,Lady Melody,Tom Frager
26/07/2009,Lady Melody,Tom Frager
02/08/2009,J'aimerais tellement,Jena Lee
09/08/2009,J'aimerais tellement,Jena Lee
16/08/2009,J'aimerais tellement,Jena Lee
23/08/2009,J'aimerais tellement,Jena Lee
30/08/2009,J'aimerais tellement,Jena Lee
06/09/2009,J'aimerais tellement,Jena Lee
13/09/2009,J'aimerais tellement,Jena Lee
20/09/2009,J'aimerais tellement,Jena Lee
27/09/2009,J'aimerais tellement,Jena Lee
04/10/2009,J'aimerais tellement,Jena Lee
11/10/2009,J'aimerais tellement,Jena Lee
18/10/2009,Stereo Love,Edward Maya ft. Vika Jigulina
25/10/2009,Stereo Love,Edward Maya ft. Vika Jigulina
01/11/2009,Stereo Love,Edward Maya ft. Vika Jigulina
08/11/2009,Stereo Love,Edward Maya ft. Vika Jigulina
15/11/2009,Bad Romance,Lady Gaga
22/11/2009,"Dingue, dingue, dingue",Christophe Maé
29/11/2009,"Dingue, dingue, dingue",Christophe Maé
06/12/2009,"Dingue, dingue, dingue",Christophe Maé
13/12/2009,TiK ToK,Kesha
20/12/2009,TiK ToK,Kesha
27/12/2009,Alors on danse,Stromae
03/01/2010,Pour un infidèle,Cœur de pirate feat. Julien Doré
10/01/2010,Alors on danse,Stromae
17/01/2010,Alors on danse,Stromae
24/01/2010,Alors on danse,Stromae
31/01/2010,Alors on danse,Stromae
07/02/2010,Alors on danse,Stromae
14/02/2010,Alors on danse,Stromae
21/02/2010,Alors on danse,Stromae
28/02/2010,Alors on danse,Stromae
07/03/2010,Baby,Justin Bieber feat. Ludacris
14/03/2010,Alors on danse,Stromae
21/03/2010,Allez ola olé,Jessy Matador
28/03/2010,Allez ola olé,Jessy Matador
04/04/2010,Gettin' Over You,David Guetta & Chris Willis ft. Fergie & LMFAO
11/04/2010,Allez ola olé,Jessy Matador
18/04/2010,Allez ola olé,Jessy Matador
25/04/2010,Allez ola olé,Jessy Matador
02/05/2010,Debout pour danser,Collectif Métissé
09/05/2010,Waka Waka (This Time for Africa),Shakira & Freshlyground
16/05/2010,Waka Waka (This Time for Africa),Shakira & Freshlyground
23/05/2010,Waka Waka (This Time for Africa),Shakira & Freshlyground
30/05/2010,Waka Waka (This Time for Africa),Shakira & Freshlyground
06/06/2010,Waka Waka (This Time for Africa),Shakira & Freshlyground
13/06/2010,Waka Waka (This Time for Africa),Shakira & Freshlyground
20/06/2010,"Mignon, Mignon",René la Taupe
27/06/2010,"Mignon, Mignon",René la Taupe
04/07/2010,"Mignon, Mignon",René la Taupe
11/07/2010,"Mignon, Mignon",René la Taupe
18/07/2010,"Mignon, Mignon",René la Taupe
25/07/2010,"Mignon, Mignon",René la Taupe
01/08/2010,"Mignon, Mignon",René la Taupe
08/08/2010,"Mignon, Mignon",René la Taupe
15/08/2010,"Mignon, Mignon",René la Taupe
22/08/2010,"Mignon, Mignon",René la Taupe
29/08/2010,"Mignon, Mignon",René la Taupe
05/09/2010,"Mignon, Mignon",René la Taupe
12/09/2010,"Mignon, Mignon",René la Taupe
19/09/2010,Oui mais... non,Mylène Farmer
26/09/2010,Oui mais... non,Mylène Farmer
03/10/2010,Oui mais... non,Mylène Farmer
10/10/2010,Over the Rainbow / What a Wonderful World,Israel Kamakawiwoʻole
17/10/2010,Over the Rainbow / What a Wonderful World,Israel Kamakawiwoʻole
24/10/2010,Over the Rainbow / What a Wonderful World,Israel Kamakawiwoʻole
31/10/2010,Over the Rainbow / What a Wonderful World,Israel Kamakawiwoʻole
07/11/2010,Over the Rainbow / What a Wonderful World,Israel Kamakawiwoʻole
14/11/2010,Over the Rainbow / What a Wonderful World,Israel Kamakawiwoʻole
21/11/2010,Over the Rainbow / What a Wonderful World,Israel Kamakawiwoʻole
28/11/2010,Over the Rainbow / What a Wonderful World,Israel Kamakawiwoʻole
05/12/2010,Over the Rainbow / What a Wonderful World,Israel Kamakawiwoʻole
12/12/2010,Over the Rainbow / What a Wonderful World,Israel Kamakawiwoʻole
19/12/2010,Celui...,Colonel Reyel
26/12/2010,Toutes les nuits,Colonel Reyel
02/01/2011,On the Floor,Jennifer Lopez feat Pitbull
09/01/2011,Just Can't Get Enough,The Black Eyed Peas
16/01/2011,Just Can't Get Enough,The Black Eyed Peas
23/01/2011,Just Can't Get Enough,The Black Eyed Peas
30/01/2011,Just Can't Get Enough,The Black Eyed Peas
06/02/2011,Bleu noir,Mylène Farmer
13/02/2011,Bleu noir,Mylène Farmer
20/02/2011,Price Tag,Jessie J et B.o.B
27/02/2011,Sweat,Snoop Dogg Vs David Guetta
06/03/2011,Sweat,Snoop Dogg Vs David Guetta
13/03/2011,Party Rock Anthem,LMFAO ft. Lauren Bennett & GoonRock
20/03/2011,Party Rock Anthem,LMFAO ft. Lauren Bennett & GoonRock
27/03/2011,Party Rock Anthem,LMFAO ft. Lauren Bennett & GoonRock
03/04/2011,Party Rock Anthem,LMFAO ft. Lauren Bennett & GoonRock
10/04/2011,Party Rock Anthem,LMFAO ft. Lauren Bennett & GoonRock
17/04/2011,Party Rock Anthem,LMFAO ft. Lauren Bennett & GoonRock
24/04/2011,Lonely Lisa,Mylène Farmer
01/05/2011,Lonely Lisa,Mylène Farmer
08/05/2011,Party Rock Anthem,LMFAO ft. Lauren Bennett & GoonRockLonely Lisa
15/05/2011,Party Rock Anthem,LMFAO ft. Lauren Bennett & GoonRock
22/05/2011,Man Down,Rihanna
29/05/2011,Man Down,Rihanna
05/06/2011,Man Down,Rihanna
12/06/2011,Man Down,Rihanna
19/06/2011,Elle me dit,Mika
26/06/2011,Elle me dit,Mika
03/07/2011,Elle me dit,Mika
10/07/2011,Elle me dit,Mika
17/07/2011,We Found Love,Rihanna ft. Calvin Harris
24/07/2011,Elle me dit,Mika
31/07/2011,Someone Like You,Adele
07/08/2011,We Found Love,Rihanna ft. Calvin Harris
14/08/2011,We Found Love,Rihanna ft. Calvin Harris
21/08/2011,We Found Love,Rihanna ft. Calvin Harris
28/08/2011,We Found Love,Rihanna ft. Calvin Harris
04/09/2011,Someone Like You,Adele
11/09/2011,Someone Like You,Adele
18/09/2011,Someone Like You,Adele
25/09/2011,Someone Like You,Adele
02/10/2011,Je l'aime à mourir,Shakira
09/10/2011,Je l'aime à mourir,Shakira
16/10/2011,Je l'aime à mourir,Shakira
23/10/2011,Je l'aime à mourir,Shakira
30/10/2011,Je l'aime à mourir,Shakira
06/11/2011,"Ai, Se eu te Pego",Michel Teló
13/11/2011,"Ai, Se eu te Pego",Michel Teló
20/11/2011,Je l'aime à mourir,Shakira
27/11/2011,Je l'aime à mourir,Shakira
04/12/2011,"Ai, Se eu te Pego",Michel Teló
11/12/2011,"Ai, Se eu te Pego",Michel Teló
18/12/2011,"Ai, Se eu te Pego",Michel Teló
25/12/2011,"Ai, Se eu te Pego",Michel Teló
01/01/2012,"Ai, Se eu te Pego",Michel Teló
08/01/2012,"Ai, Se eu te Pego",Michel Teló
15/01/2012,"Ai, Se eu te Pego",Michel Teló
22/01/2012,Somebody That I Used to Know,Gotye & Kimbra
29/01/2012,Somebody That I Used to Know,Gotye & Kimbra
05/02/2012,Somebody That I Used to Know,Gotye & Kimbra
12/02/2012,Somebody That I Used to Know,Gotye & Kimbra
19/02/2012,Somebody That I Used to Know,Gotye & Kimbra
26/02/2012,Somebody That I Used to Know,Gotye & Kimbra
04/03/2012,Somebody That I Used to Know,Gotye & Kimbra
11/03/2012,Somebody That I Used to Know,Gotye & Kimbra
18/03/2012,Somebody That I Used to Know,Gotye & Kimbra
25/03/2012,Balada,Gusttavo Lima
01/04/2012,Call Me Maybe,Carly Rae Jepsen
08/04/2012,Tacata',Tacabro
15/04/2012,Call Me Maybe,Carly Rae Jepsen
22/04/2012,Call Me Maybe,Carly Rae Jepsen
29/04/2012,Call Me Maybe,Carly Rae Jepsen
06/05/2012,Call Me Maybe,Carly Rae Jepsen
13/05/2012,Call Me Maybe,Carly Rae Jepsen
20/05/2012,Call Me Maybe,Carly Rae Jepsen
27/05/2012,Call Me Maybe,Carly Rae Jepsen
03/06/2012,Bara Bará Bere Berê,Alex Ferrari
10/06/2012,Bara Bará Bere Berê,Alex Ferrari
17/06/2012,Call Me Maybe,Carly Rae Jepsen
24/06/2012,Call Me Maybe,Carly Rae Jepsen
01/07/2012,Call Me Maybe,Carly Rae Jepsen
08/07/2012,Call Me Maybe,Carly Rae Jepsen
15/07/2012,Down The Road,C2C
22/07/2012,Diamonds,Rihanna
29/07/2012,Diamonds,Rihanna
05/08/2012,Diamonds,Rihanna
12/08/2012,Gangnam Style,Psy
19/08/2012,Skyfall,Adele
26/08/2012,Skyfall,Adele
02/09/2012,Skyfall,Adele
09/09/2012,Skyfall,Adele
16/09/2012,Skyfall,Adele
23/09/2012,À l'ombre,Mylène Farmer
30/09/2012,Skyfall,Adele
07/10/2012,Skyfall,Adele
14/10/2012,Gangnam Style,Psy
21/10/2012,Gangnam Style,Psy
28/10/2012,Gangnam Style,Psy
04/11/2012,Gangnam Style,Psy
11/11/2012,Thrift Shop,Macklemore et Ryan Lewis ft. Wanz
18/11/2012,Thrift Shop,Macklemore et Ryan Lewis ft. Wanz
25/11/2012,Thrift Shop,Macklemore et Ryan Lewis ft. Wanz
02/12/2012,Thrift Shop,Macklemore et Ryan Lewis ft. Wanz
09/12/2012,Thrift Shop,Macklemore et Ryan Lewis ft. Wanz
16/12/2012,Thrift Shop,Macklemore et Ryan Lewis ft. Wanz
23/12/2012,Thrift Shop,Macklemore et Ryan Lewis ft. Wanz
30/12/2012,Thrift Shop,Macklemore et Ryan Lewis ft. Wanz
06/01/2013,J'me tire,Maitre Gims
13/01/2013,J'me tire,Maitre Gims
20/01/2013,J'me tire,Maitre Gims
27/01/2013,J'me tire,Maitre Gims
03/02/2013,J'me tire,Maitre Gims
10/02/2013,Get Lucky,"Daft Punk, Nile Rodgers et Pharrell Williams"
17/02/2013,Get Lucky,"Daft Punk, Nile Rodgers et Pharrell Williams"
24/02/2013,Get Lucky,"Daft Punk, Nile Rodgers et Pharrell Williams"
03/03/2013,Get Lucky,"Daft Punk, Nile Rodgers et Pharrell Williams"
10/03/2013,Get Lucky,"Daft Punk, Nile Rodgers et Pharrell Williams"
17/03/2013,Get Lucky,"Daft Punk, Nile Rodgers et Pharrell Williams"
24/03/2013,Get Lucky,"Daft Punk, Nile Rodgers et Pharrell Williams"
31/03/2013,Blurred Lines,"Robin Thicke, T.I et Pharrell Williams"
07/04/2013,Blurred Lines,"Robin Thicke, T.I et Pharrell Williams"
14/04/2013,Blurred Lines,"Robin Thicke, T.I et Pharrell Williams"
21/04/2013,Blurred Lines,"Robin Thicke, T.I et Pharrell Williams"
28/04/2013,Get Lucky,"Daft Punk, Nile Rodgers et Pharrell Williams"
05/05/2013,Blurred Lines,"Robin Thicke, T.I et Pharrell Williams"
12/05/2013,Blurred Lines,"Robin Thicke, T.I et Pharrell Williams"
19/05/2013,Papaoutai,Stromae
26/05/2013,Papaoutai,Stromae
02/06/2013,Papaoutai,Stromae
09/06/2013,Papaoutai,Stromae
16/06/2013,Wake Me Up!,Avicii et Aloe Blacc
23/06/2013,Wake Me Up!,Avicii et Aloe Blacc
30/06/2013,Formidable,Stromae
07/07/2013,Formidable,Stromae
14/07/2013,Formidable,Stromae
21/07/2013,Formidable,Stromae
28/07/2013,Formidable,Stromae
04/08/2013,Formidable,Stromae
11/08/2013,Vandaag,Bakermat
18/08/2013,Game Over,Vitaa et Maître Gims
25/08/2013,The Monster,Eminem et Rihanna
01/09/2013,The Monster,Eminem et Rihanna
08/09/2013,The Monster,Eminem et Rihanna
15/09/2013,Tous les mêmes,Stromae
22/09/2013,Happy,Pharrell Williams
29/09/2013,Un arc-en-ciel,"Bénabar, Patrick Bruel, Cali et Marina"
06/10/2013,Happy,Pharrell Williams
13/10/2013,Happy,Pharrell Williams
20/10/2013,Happy,Pharrell Williams
27/10/2013,Happy,Pharrell Williams
03/11/2013,Happy,Pharrell Williams
10/11/2013,Happy,Pharrell Williams
17/11/2013,Happy,Pharrell Williams
24/11/2013,Happy,Pharrell Williams
01/12/2013,Happy,Pharrell Williams
08/12/2013,Happy,Pharrell Williams
15/12/2013,Happy,Pharrell Williams
22/12/2013,Happy,Pharrell Williams
29/12/2013,Happy,Pharrell Williams
05/01/2014,Happy,Pharrell Williams
12/01/2014,Happy,Pharrell Williams
19/01/2014,Happy,Pharrell Williams
26/01/2014,Happy,Pharrell Williams
02/02/2014,Happy,Pharrell Williams
09/02/2014,Happy,Pharrell Williams
16/02/2014,Happy,Pharrell Williams
23/02/2014,Happy,Pharrell Williams
02/03/2014,Stolen Dance,Milky Chance
09/03/2014,Stolen Dance,Milky Chance
16/03/2014,Stolen Dance,Milky Chance
23/03/2014,OKLM,Booba
30/03/2014,Sur ma route,Black M
06/04/2014,Sur ma route,Black M
13/04/2014,Sur ma route,Black M
20/04/2014,Sur ma route,Black M
27/04/2014,Chandelier,Sia
04/05/2014,Prayer in C (Robin Schulz radio edit),Lilly Wood and the Prick
11/05/2014,Prayer in C (Robin Schulz radio edit),Lilly Wood and the Prick
18/05/2014,Prayer in C (Robin Schulz radio edit),Lilly Wood and the Prick
25/05/2014,Prayer in C (Robin Schulz radio edit),Lilly Wood and the Prick
01/06/2014,Prayer in C (Robin Schulz radio edit),Lilly Wood and the Prick
08/06/2014,Prayer in C (Robin Schulz radio edit),Lilly Wood and the Prick
15/06/2014,Prayer in C (Robin Schulz radio edit),Lilly Wood and the Prick
22/06/2014,Prayer in C (Robin Schulz radio edit),Lilly Wood and the Prick
29/06/2014,Prayer in C (Robin Schulz radio edit),Lilly Wood and the Prick
06/07/2014,Prayer in C (Robin Schulz radio edit),Lilly Wood and the Prick
13/07/2014,Prayer in C (Robin Schulz radio edit),Lilly Wood and the Prick
20/07/2014,Prayer in C (Robin Schulz radio edit),Lilly Wood and the Prick
27/07/2014,Prayer in C (Robin Schulz radio edit),Lilly Wood and the Prick
03/08/2014,Dangerous,David Guetta ft. Sam Martin
10/08/2014,Prayer in C (Robin Schulz radio edit),Lilly Wood and the Prick
17/08/2014,Prayer in C (Robin Schulz radio edit),Lilly Wood and the Prick
24/08/2014,Chandelier,Sia
31/08/2014,Chandelier,Sia
07/09/2014,Dangerous,David Guetta ft. Sam Martin
14/09/2014,Dangerous,David Guetta ft. Sam Martin
21/09/2014,Dangerous,David Guetta ft. Sam Martin
28/09/2014,Dangerous,David Guetta ft. Sam Martin
05/10/2014,Uptown Funk,Mark Ronson ft. Bruno Mars
12/10/2014,Uptown Funk,Mark Ronson ft. Bruno Mars
19/10/2014,Uptown Funk,Mark Ronson ft. Bruno Mars
26/10/2014,Uptown Funk,Mark Ronson ft. Bruno Mars
02/11/2014,Uptown Funk,Mark Ronson ft. Bruno Mars
09/11/2014,Uptown Funk,Mark Ronson ft. Bruno Mars
16/11/2014,Uptown Funk,Mark Ronson ft. Bruno Mars
23/11/2014,Uptown Funk,Mark Ronson ft. Bruno Mars
30/11/2014,Uptown Funk,Mark Ronson ft. Bruno Mars
07/12/2014,Uptown Funk,Mark Ronson ft. Bruno Mars
14/12/2014,Uptown Funk,Mark Ronson ft. Bruno Mars
21/12/2014,Uptown Funk,Mark Ronson ft. Bruno Mars
28/12/2014,Avenir,Louane Emera
04/01/2015,Avenir,Louane Emera
11/01/2015,Cheerleader,OMI
18/01/2015,Cheerleader,OMI
25/01/2015,Cheerleader,OMI
01/02/2015,Cheerleader,OMI
08/02/2015,Cheerleader,OMI
15/02/2015,Cheerleader,OMI
22/02/2015,Cheerleader,OMI
01/03/2015,Cheerleader,OMI
08/03/2015,Homeless,Marina Kaye
15/03/2015,Homeless,Marina Kaye
22/03/2015,Cheerleader,OMI
29/03/2015,Cheerleader,OMI
05/04/2015,Goodbye,Feder ft. Lyse
12/04/2015,Goodbye,Feder ft. Lyse
19/04/2015,Goodbye,Feder ft. Lyse
26/04/2015,Goodbye,Feder ft. Lyse
03/05/2015,Goodbye,Feder ft. Lyse
10/05/2015,Goodbye,Feder ft. Lyse
17/05/2015,Stole the Show,Kygo ft. Parson James
24/05/2015,Stole the Show,Kygo ft. Parson James
31/05/2015,Drag Me Down,One Direction
07/06/2015,El Perdón,Nicky Jam & Enrique Iglesias
14/06/2015,El Perdón,Nicky Jam & Enrique Iglesias
21/06/2015,El Perdón,Nicky Jam & Enrique Iglesias
28/06/2015,Stolen Car,Mylène Farmer & Sting
05/07/2015,El Perdón,Nicky Jam & Enrique Iglesias
12/07/2015,El Perdón,Nicky Jam & Enrique Iglesias
19/07/2015,El Perdón,Nicky Jam & Enrique Iglesias
26/07/2015,Summer 2015,L.E.J
02/08/2015,Summer 2015,L.E.J
09/08/2015,Stolen Car,Mylène Farmer & Sting
16/08/2015,Marvin Gaye,Charlie Puth ft. Meghan Trainor
23/08/2015,Hello,Adele
30/08/2015,Hello,Adele
06/09/2015,Hello,Adele
13/09/2015,Hello,Adele
20/09/2015,Hello,Adele
27/09/2015,Hello,Adele
04/10/2015,Hello,Adele
11/10/2015,Hello,Adele
18/10/2015,Hello,Adele
25/10/2015,Hello,Adele
01/11/2015,Hello,Adele
08/11/2015,Space Oddity,David Bowie
15/11/2015,Catch & Release,Matt Simons
22/11/2015,Toujours debout,Renaud
29/11/2015,Work,Rihanna feat. Drake
06/12/2015,Catch & Release,Matt Simons
13/12/2015,Come,Jain
20/12/2015,Work,Rihanna feat. Drake
27/12/2015,Faded,Alan Walker
03/01/2016,Faded,Alan Walker
10/01/2016,Faded,Alan Walker
17/01/2016,Faded,Alan Walker
24/01/2016,City of Love,Mylène Farmer
31/01/2016,This Girl,Kungs vs Cookin' on 3 Burners feat. Kylie Auldist
07/02/2016,One Dance,Drake feat. Wizkid et Kyla
14/02/2016,This Girl,Kungs vs Cookin' on 3 Burners feat. Kylie Auldist
21/02/2016,Purple Rain,Prince and The Revolution
28/02/2016,Cheap Thrills,Sia